{
    "avg_depth_time": 92.43469953536987,
    "avg_detection_time": 26.563587188720703,
    "avg_fusion_time": 1.0675477981567383,
    "avg_total_time": 120.06639003753662,
    "avg_fps": 8.140821896346395,
    "frame_count": 100,
    "model_info": {
        "depth_model": "MiDaS_small",
        "yolo_model": "yolov8n.pt",
        "mc_samples": 5
    }
}