{
  "mean_precision": 0.0,
  "std_precision": 0.0,
  "mean_recall": 0.2218300653594771,
  "std_recall": 0.24637353517501884,
  "mean_f1_score": 0.0,
  "std_f1_score": 0.0,
  "mean_iou": 0.0,
  "mean_detection_rate": 0.5176470588235295,
  "mean_pixel_accuracy": 1.0,
  "total_frames": 510,
  "video_duration": 16.997366666666668,
  "avg_fps": 14.240065722965012,
  "video_path": "test_video1.mp4"
}