{
  "mean_precision": 0.18613766339869278,
  "std_precision": 0.19462598103948633,
  "mean_recall": 0.2218300653594771,
  "std_recall": 0.24637353517501884,
  "mean_f1_score": 0.19103207974749944,
  "std_f1_score": 0.19116264594942742,
  "mean_iou": 0.15282566379799956,
  "mean_detection_rate": 0.5176470588235295,
  "mean_pixel_accuracy": 1.0,
  "total_frames": 510,
  "video_duration": 16.997366666666668,
  "avg_fps": 13.449026611892117,
  "video_path": "test_video1.mp4"
}